stock_id,name,market,theme,subtheme
1101,台泥,TWSE,傳產原物料,水泥
1216,統一,TWSE,民生消費,食品
1301,台塑,TWSE,傳產原物料,塑化
1303,南亞,TWSE,傳產原物料,塑化
1519,華城,TWSE,綠能環保,電力設備
1402,遠東新,TWSE,傳產原物料,紡織
2002,中鋼,TWSE,傳產原物料,鋼鐵
2207,和泰車,TWSE,汽車,汽車通路
2301,光寶科,TWSE,電子零組件,電源供應
2303,聯電,TWSE,半導體,晶圓代工
2308,台達電,TWSE,電子零組件,電源與自動化
2317,鴻海,TWSE,電子代工,EMS
2327,國巨,TWSE,被動元件,電阻電容
2330,台積電,TWSE,半導體,晶圓代工
2345,智邦,TWSE,網通,交換器
2357,華碩,TWSE,電腦週邊,品牌電腦
2379,瑞昱,TWSE,半導體,IC設計
2382,廣達,TWSE,電子代工,伺服器
2395,研華,TWSE,工業電腦,工業電腦
2408,南亞科,TWSE,半導體,記憶體
2412,中華電,TWSE,電信,電信服務
2454,聯發科,TWSE,半導體,IC設計
2492,華新科,TWSE,被動元件,電阻電容
2603,長榮,TWSE,航運,貨櫃航運
2609,陽明,TWSE,航運,貨櫃航運
2049,上銀,TWSE,機器人自動化,線性傳動
2727,王品,TWSE,觀光餐旅,餐飲
2881,富邦金,TWSE,金融,金控
2882,國泰金,TWSE,金融,金控
6446,藥華藥,TWSE,生技醫療,製藥
2886,兆豐金,TWSE,金融,金控
2891,中信金,TWSE,金融,金控
3008,大立光,TWSE,光學,光學鏡頭
3034,聯詠,TWSE,半導體,IC設計
3231,緯創,TWSE,電子代工,伺服器
3711,日月光投控,TWSE,半導體,封裝測試
4904,遠傳,TWSE,電信,電信服務
4938,和碩,TWSE,電子代工,EMS
5871,中租-KY,TWSE,金融,租賃
5880,合庫金,TWSE,金融,金控
6505,台塑化,TWSE,傳產原物料,塑化
6669,緯穎,TWSE,電子代工,伺服器
8046,南電,TWSE,PCB,IC載板
8069,元太,TPEx,顯示器,電子紙
8299,群聯,TPEx,半導體,記憶體控制
8454,富邦媒,TWSE,零售,電商
6690,安碁資訊,TPEx,資安軟體,資安服務
9914,美利達,TWSE,汽車,自行車
9921,巨大,TWSE,汽車,自行車
9945,潤泰新,TWSE,營建資產,營建
